# This is a submission template for batch deposit of 'MIGS: cultured bacteria/archaea, plant-associated; version 6.0' samples to the NCBI BioSample database (https://www.ncbi.nlm.nih.gov/biosample/).
# See SAMN02866194 for an example record of this type of BioSample (https://www.ncbi.nlm.nih.gov/biosample/SAMN02866194).
# Fields with an asterisk (*) are mandatory. Your submission will fail if any mandatory fields are not completed. If information is unavailable for any mandatory field, please enter 'not collected', 'not applicable' or 'missing' as appropriate.
# All other fields are optional. Leave optional fields empty if no information is available.
# You can add any number of custom fields to fully describe your BioSamples, simply include them in the table.
# CAUTION: Be aware that Excel may automatically apply formatting to your data. In particular, take care with dates, incrementing autofills and special characters like / or -. Doublecheck that your text file is accurate before uploading to BioSample.
# TO MAKE A SUBMISSION:
#     1. Complete the template table (typically in Excel, or another spreadsheet application)
#     2. Save the worksheet as a Text (Tab-delimited) file - use 'File, Save as, Save as type: Text (Tab-delimited)'
#     3. Upload the file on the 'Attributes' tab of the BioSample Submission Portal at https://submit.ncbi.nlm.nih.gov/subs/biosample/.
#     4. If you have any questions, please contact us at biosamplehelp@ncbi.nlm.nih.gov.
*sample_name	sample_title	bioproject_accession	*organism	*strain	*collection_date	*env_broad_scale	*env_local_scale	*env_medium	*geo_loc_name	*host	*isol_growth_condt	*lat_lon	*num_replicons	*ref_biomaterial	air_temp_regm	altitude	ances_data	antibiotic_regm	biol_stat	biotic_regm	biotic_relationship	chem_administration	chem_mutagen	climate_environment	collection_method	cult_root_med	depth	elev	encoded_traits	estimated_size	extrachrom_elements	fertilizer_regm	fungicide_regm	gaseous_environment	genetic_mod	gravity	growth_facil	growth_habit	growth_hormone_regm	herbicide_regm	host_age	host_common_name	host_disease	host_dry_mass	host_genotype	host_height	host_length	host_life_stage	host_phenotype	host_subspecf_genlin	host_symbiont	host_taxid	host_tot_mass	host_wet_mass	humidity_regm	isolation_source	light_regm	mechanical_damage	mineral_nutr_regm	misc_param	neg_cont_type	non_mineral_nutr_regm	omics_observ_id	organism_count	oxy_stat_samp	pathogenicity	perturbation	pesticide_regm	ph_regm	plant_growth_med	plant_product	plant_sex	plant_struc	pos_cont_type	radiation_regm	rainfall_regm	rel_to_oxygen	root_cond	root_med_carbon	root_med_macronutr	root_med_micronutr	root_med_ph	root_med_regl	root_med_solid	root_med_suppl	salt_regm	samp_capt_status	samp_collect_device	samp_dis_stage	samp_mat_process	samp_salinity	samp_size	samp_store_dur	samp_store_loc	samp_store_temp	samp_vol_we_dna_ext	season_environment	source_material_id	standing_water_regm	subspecf_gen_lin	temp	tiss_cult_growth_med	trophic_level	water_temp_regm	watering_regm	description

